{
  "/_next/data/MF_pWor52HdlWPgiMxgdl/apps/corp/edit/d46862ef-da3a-4135-827b-d0bf227178a2.json-109" : {
    "transaction" : "/_next/data/MF_pWor52HdlWPgiMxgdl/apps/corp/edit/d46862ef-da3a-4135-827b-d0bf227178a2.json-109",
    "sampleCount" : 10,
    "errorCount" : 0,
    "errorPct" : 0.0,
    "meanResTime" : 50.2,
    "medianResTime" : 49.5,
    "minResTime" : 48.0,
    "maxResTime" : 58.0,
    "pct1ResTime" : 57.300000000000004,
    "pct2ResTime" : 58.0,
    "pct3ResTime" : 58.0,
    "throughput" : 1.1560693641618498,
    "receivedKBytesPerSec" : 1.5813538656069364,
    "sentKBytesPerSec" : 0.6310964595375722
  },
  "/_next/data/MF_pWor52HdlWPgiMxgdl/apps/corp/edit/0e268280-f639-4859-b0b3-b8404fe38deb.json-101" : {
    "transaction" : "/_next/data/MF_pWor52HdlWPgiMxgdl/apps/corp/edit/0e268280-f639-4859-b0b3-b8404fe38deb.json-101",
    "sampleCount" : 10,
    "errorCount" : 0,
    "errorPct" : 0.0,
    "meanResTime" : 52.2,
    "medianResTime" : 49.0,
    "minResTime" : 48.0,
    "maxResTime" : 70.0,
    "pct1ResTime" : 68.9,
    "pct2ResTime" : 70.0,
    "pct3ResTime" : 70.0,
    "throughput" : 1.1526048870447212,
    "receivedKBytesPerSec" : 1.576614907503458,
    "sentKBytesPerSec" : 0.6292052068925772
  },
  "/_next/data/MF_pWor52HdlWPgiMxgdl/apps/corp/edit/75c9f001-3696-4462-8f7c-956c4cec3f8d.json-100" : {
    "transaction" : "/_next/data/MF_pWor52HdlWPgiMxgdl/apps/corp/edit/75c9f001-3696-4462-8f7c-956c4cec3f8d.json-100",
    "sampleCount" : 10,
    "errorCount" : 0,
    "errorPct" : 0.0,
    "meanResTime" : 49.400000000000006,
    "medianResTime" : 49.5,
    "minResTime" : 47.0,
    "maxResTime" : 51.0,
    "pct1ResTime" : 51.0,
    "pct2ResTime" : 51.0,
    "pct3ResTime" : 51.0,
    "throughput" : 1.1516756881262238,
    "receivedKBytesPerSec" : 1.5752314148335829,
    "sentKBytesPerSec" : 0.6286979586548428
  },
  "/_next/data/MF_pWor52HdlWPgiMxgdl/apps/corp/edit/9c16999e-3a08-41a4-a62c-fed4994f9355.json-99" : {
    "transaction" : "/_next/data/MF_pWor52HdlWPgiMxgdl/apps/corp/edit/9c16999e-3a08-41a4-a62c-fed4994f9355.json-99",
    "sampleCount" : 10,
    "errorCount" : 0,
    "errorPct" : 0.0,
    "meanResTime" : 50.1,
    "medianResTime" : 49.5,
    "minResTime" : 48.0,
    "maxResTime" : 59.0,
    "pct1ResTime" : 58.1,
    "pct2ResTime" : 59.0,
    "pct3ResTime" : 59.0,
    "throughput" : 1.1516756881262238,
    "receivedKBytesPerSec" : 1.5752314148335829,
    "sentKBytesPerSec" : 0.6286979586548428
  },
  "/_next/data/MF_pWor52HdlWPgiMxgdl/apps/corp/edit/48f64df2-b7fb-4aad-9fa8-e7c999e69297.json-108" : {
    "transaction" : "/_next/data/MF_pWor52HdlWPgiMxgdl/apps/corp/edit/48f64df2-b7fb-4aad-9fa8-e7c999e69297.json-108",
    "sampleCount" : 10,
    "errorCount" : 0,
    "errorPct" : 0.0,
    "meanResTime" : 49.00000000000001,
    "medianResTime" : 49.0,
    "minResTime" : 48.0,
    "maxResTime" : 50.0,
    "pct1ResTime" : 50.0,
    "pct2ResTime" : 50.0,
    "pct3ResTime" : 50.0,
    "throughput" : 1.155802126675913,
    "receivedKBytesPerSec" : 1.5808754478733242,
    "sentKBytesPerSec" : 0.630950575011558
  },
  "/_next/data/MF_pWor52HdlWPgiMxgdl/apps/corp/edit/0b895e1e-c62e-4d69-b0e4-7b4c88e5c3e8.json-107" : {
    "transaction" : "/_next/data/MF_pWor52HdlWPgiMxgdl/apps/corp/edit/0b895e1e-c62e-4d69-b0e4-7b4c88e5c3e8.json-107",
    "sampleCount" : 10,
    "errorCount" : 0,
    "errorPct" : 0.0,
    "meanResTime" : 51.0,
    "medianResTime" : 49.0,
    "minResTime" : 47.0,
    "maxResTime" : 69.0,
    "pct1ResTime" : 67.2,
    "pct2ResTime" : 69.0,
    "pct3ResTime" : 69.0,
    "throughput" : 1.1563367252543941,
    "receivedKBytesPerSec" : 1.5817195811170213,
    "sentKBytesPerSec" : 0.6312424115402405
  },
  "/_next/data/MF_pWor52HdlWPgiMxgdl/apps/corp/edit/8c98cfa1-139b-4e19-92b4-187f441a66b9.json-110" : {
    "transaction" : "/_next/data/MF_pWor52HdlWPgiMxgdl/apps/corp/edit/8c98cfa1-139b-4e19-92b4-187f441a66b9.json-110",
    "sampleCount" : 10,
    "errorCount" : 0,
    "errorPct" : 0.0,
    "meanResTime" : 50.0,
    "medianResTime" : 49.0,
    "minResTime" : 47.0,
    "maxResTime" : 60.0,
    "pct1ResTime" : 59.0,
    "pct2ResTime" : 60.0,
    "pct3ResTime" : 60.0,
    "throughput" : 1.1559357299734134,
    "receivedKBytesPerSec" : 1.5810581869148075,
    "sentKBytesPerSec" : 0.6310235088429084
  },
  "/_next/data/MF_pWor52HdlWPgiMxgdl/apps/corp/edit/2b3d8b74-e48a-4730-bb3a-eac7ae07d50f.json-98" : {
    "transaction" : "/_next/data/MF_pWor52HdlWPgiMxgdl/apps/corp/edit/2b3d8b74-e48a-4730-bb3a-eac7ae07d50f.json-98",
    "sampleCount" : 10,
    "errorCount" : 0,
    "errorPct" : 0.0,
    "meanResTime" : 49.300000000000004,
    "medianResTime" : 49.0,
    "minResTime" : 48.0,
    "maxResTime" : 52.0,
    "pct1ResTime" : 51.9,
    "pct2ResTime" : 52.0,
    "pct3ResTime" : 52.0,
    "throughput" : 1.1516756881262238,
    "receivedKBytesPerSec" : 1.5752314148335829,
    "sentKBytesPerSec" : 0.6286979586548428
  },
  "/_next/data/MF_pWor52HdlWPgiMxgdl/apps/corp/edit/d64eab39-4186-45a2-b438-963bfbfbfce1.json-102" : {
    "transaction" : "/_next/data/MF_pWor52HdlWPgiMxgdl/apps/corp/edit/d64eab39-4186-45a2-b438-963bfbfbfce1.json-102",
    "sampleCount" : 10,
    "errorCount" : 0,
    "errorPct" : 0.0,
    "meanResTime" : 49.50000000000001,
    "medianResTime" : 49.5,
    "minResTime" : 48.0,
    "maxResTime" : 51.0,
    "pct1ResTime" : 51.0,
    "pct2ResTime" : 51.0,
    "pct3ResTime" : 51.0,
    "throughput" : 1.1522064754003918,
    "receivedKBytesPerSec" : 1.575957411568153,
    "sentKBytesPerSec" : 0.628987714598456
  },
  "Debug Sampler" : {
    "transaction" : "Debug Sampler",
    "sampleCount" : 10,
    "errorCount" : 0,
    "errorPct" : 0.0,
    "meanResTime" : 0.3,
    "medianResTime" : 0.0,
    "minResTime" : 0.0,
    "maxResTime" : 1.0,
    "pct1ResTime" : 1.0,
    "pct2ResTime" : 1.0,
    "pct3ResTime" : 1.0,
    "throughput" : 1.1656370206317754,
    "receivedKBytesPerSec" : 0.32225765677817925,
    "sentKBytesPerSec" : 0.0
  },
  "/login/-89" : {
    "transaction" : "/login/-89",
    "sampleCount" : 10,
    "errorCount" : 0,
    "errorPct" : 0.0,
    "meanResTime" : 182.4,
    "medianResTime" : 155.5,
    "minResTime" : 148.0,
    "maxResTime" : 419.0,
    "pct1ResTime" : 393.7000000000001,
    "pct2ResTime" : 419.0,
    "pct3ResTime" : 419.0,
    "throughput" : 1.1041183614883514,
    "receivedKBytesPerSec" : 3.417699189853152,
    "sentKBytesPerSec" : 0.5035383543115822
  },
  "Total" : {
    "transaction" : "Total",
    "sampleCount" : 150,
    "errorCount" : 0,
    "errorPct" : 0.0,
    "meanResTime" : 56.12666666666667,
    "medianResTime" : 49.0,
    "minResTime" : 0.0,
    "maxResTime" : 419.0,
    "pct1ResTime" : 64.60000000000002,
    "pct2ResTime" : 155.0,
    "pct3ResTime" : 289.9700000000023,
    "throughput" : 15.457543281121188,
    "receivedKBytesPerSec" : 21.798456982945176,
    "sentKBytesPerSec" : 7.783114566158285
  },
  "/_next/data/MF_pWor52HdlWPgiMxgdl/apps/corp/edit/70cc6942-ce6e-481c-9e84-4cb8fd1348fb.json-104" : {
    "transaction" : "/_next/data/MF_pWor52HdlWPgiMxgdl/apps/corp/edit/70cc6942-ce6e-481c-9e84-4cb8fd1348fb.json-104",
    "sampleCount" : 10,
    "errorCount" : 0,
    "errorPct" : 0.0,
    "meanResTime" : 53.3,
    "medianResTime" : 50.0,
    "minResTime" : 49.0,
    "maxResTime" : 72.0,
    "pct1ResTime" : 70.60000000000001,
    "pct2ResTime" : 72.0,
    "pct3ResTime" : 72.0,
    "throughput" : 1.1555350127108852,
    "receivedKBytesPerSec" : 1.5805100964871737,
    "sentKBytesPerSec" : 0.6308047579154148
  },
  "/_next/data/MF_pWor52HdlWPgiMxgdl/apps/corp/edit/0a60a8c1-df2f-4f86-b566-4e82be8f1192.json-106" : {
    "transaction" : "/_next/data/MF_pWor52HdlWPgiMxgdl/apps/corp/edit/0a60a8c1-df2f-4f86-b566-4e82be8f1192.json-106",
    "sampleCount" : 10,
    "errorCount" : 0,